-- ========================================
-- SQL INSERT Statements for Course Data
-- Generated from RDS database
-- ========================================

-- Disable foreign key checks for faster insertion
SET FOREIGN_KEY_CHECKS = 0;

-- ========================================
-- 1. Professor Table
-- ========================================

INSERT INTO professor (id, professor_name, department_id, created_at, updated_at) VALUES
(1, '최현희', NULL, '2025-12-06 17:07:46.221149', '2025-12-06 17:07:46.221149'),
(2, '이동렬', NULL, '2025-12-06 17:07:49.598498', '2025-12-06 17:07:49.598498'),
(3, '최형광', NULL, '2025-12-06 17:07:54.310228', '2025-12-06 17:07:54.310228'),
(4, '주경호', NULL, '2025-12-06 17:07:58.610142', '2025-12-06 17:07:58.610142'),
(5, '김두일', NULL, '2025-12-06 17:08:02.993758', '2025-12-06 17:08:02.993758'),
(6, '곽동규', NULL, '2025-12-06 17:08:07.416432', '2025-12-06 17:08:07.416432'),
(7, '김익수', NULL, '2025-12-06 17:08:11.920997', '2025-12-06 17:08:11.920997'),
(8, '권재환', NULL, '2025-12-06 17:08:16.530228', '2025-12-06 17:08:16.530228'),
(9, '김형돈', NULL, '2025-12-06 17:08:21.547621', '2025-12-06 17:08:21.547621'),
(10, '최중섭', NULL, '2025-12-06 17:08:26.052838', '2025-12-06 17:08:26.052838'),
(11, '조민철', NULL, '2025-12-06 17:08:30.865366', '2025-12-06 17:08:30.865366'),
(12, '박중석', NULL, '2025-12-06 17:08:35.064012', '2025-12-06 17:08:35.064012'),
(13, '김영종', NULL, '2025-12-06 17:08:42.538177', '2025-12-06 17:08:42.538177'),
(14, '최지웅', NULL, '2025-12-06 17:09:18.603624', '2025-12-06 17:09:18.603624'),
(15, '양승민', NULL, '2025-12-06 17:09:24.828811', '2025-12-06 17:09:24.828811'),
(16, '황우섭', NULL, '2025-12-06 17:09:28.524377', '2025-12-06 17:09:28.524377'),
(17, '최대선', NULL, '2025-12-06 17:09:39.791271', '2025-12-06 17:09:39.791271'),
(18, '박찬준', NULL, '2025-12-06 17:09:47.049617', '2025-12-06 17:09:47.049617'),
(19, '옥도민', NULL, '2025-12-06 17:09:53.556277', '2025-12-06 17:09:53.556277'),
(20, '김창훈', NULL, '2025-12-06 17:09:58.005905', '2025-12-06 17:09:58.005905'),
(21, '정진홍', NULL, '2025-12-06 17:10:02.511853', '2025-12-06 17:10:02.511853'),
(22, '한승훈', NULL, '2025-12-06 17:10:08.934208', '2025-12-06 17:10:08.934208'),
(23, '조해현', NULL, '2025-12-06 17:10:13.467369', '2025-12-06 17:10:13.467369'),
(24, '공영호', NULL, '2025-12-06 17:10:20.022075', '2025-12-06 17:10:20.022075'),
(25, '이상준', NULL, '2025-12-06 17:10:27.293630', '2025-12-06 17:10:27.293630'),
(26, '이수원', NULL, '2025-12-06 17:10:33.435982', '2025-12-06 17:10:33.435982'),
(27, '박광영', NULL, '2025-12-06 17:10:40.808414', '2025-12-06 17:10:40.808414'),
(28, '신원석', NULL, '2025-12-06 17:10:48.488428', '2025-12-06 17:10:48.488428'),
(29, '송상효', NULL, '2025-12-06 17:10:56.579786', '2025-12-06 17:10:56.579786');

-- ========================================
-- 2. Course Table
-- ========================================

INSERT INTO course (id, name, majority, time, credit, created_at, updated_at) VALUES
(1, '(공통)물리1및실험', 'MAJOR_ELECTIVE', 4, 3, '2025-12-06 17:07:45.021951', '2025-12-06 17:07:45.021951'),
(2, '고급컴퓨터수학', 'MAJOR_ELECTIVE', 3, 3, '2025-12-06 17:07:52.678626', '2025-12-06 17:07:52.678626'),
(3, '데이터통신과네트워크', 'MAJOR_ELECTIVE', 3, 3, '2025-12-06 17:07:56.767022', '2025-12-06 17:07:56.767022'),
(4, '생명정보과학', 'MAJOR_ELECTIVE', 3, 3, '2025-12-06 17:08:01.169701', '2025-12-06 17:08:01.169701'),
(5, '알고리즘', 'MAJOR_REQUIRED', 3, 3, '2025-12-06 17:08:05.573668', '2025-12-06 17:08:05.573668'),
(6, '오픈소스기반기초설계', 'MAJOR_ELECTIVE', 3, 3, '2025-12-06 17:08:10.078697', '2025-12-06 17:08:10.078697'),
(7, '윈도우프로그래밍및실습', 'MAJOR_ELECTIVE', 4, 3, '2025-12-06 17:08:14.687910', '2025-12-06 17:08:14.687910'),
(8, '이산수학', 'MAJOR_FOUNDATION', 4, 3, '2025-12-06 17:08:19.601959', '2025-12-06 17:08:19.601959'),
(9, '프로그래밍기초및실습', 'MAJOR_FOUNDATION', 4, 3, '2025-12-06 17:08:24.209210', '2025-12-06 17:08:24.209210'),
(10, '프로그래밍응용및실습', 'MAJOR_REQUIRED', 4, 3, '2025-12-06 17:08:29.021658', '2025-12-06 17:08:29.021658'),
(11, '창의적공학설계', 'MAJOR_FOUNDATION', 3, 3, '2025-12-06 17:08:40.593143', '2025-12-06 17:08:40.593143'),
(12, '네트워크보안', 'MAJOR_ELECTIVE', 3, 3, '2025-12-06 17:09:38.037419', '2025-12-06 17:09:38.037419'),
(13, '데이터베이스응용', 'MAJOR_ELECTIVE', 3, 3, '2025-12-06 17:09:45.308691', '2025-12-06 17:09:45.308691'),
(14, '데이터사이언스', 'MAJOR_ELECTIVE', 3, 3, '2025-12-06 17:09:56.162828', '2025-12-06 17:09:56.162828'),
(15, '소프트웨어분석및설계', 'MAJOR_ELECTIVE', 3, 3, '2025-12-06 17:10:00.669021', '2025-12-06 17:10:00.669021'),
(16, '운영체제', 'MAJOR_REQUIRED', 3, 3, '2025-12-06 17:10:11.625582', '2025-12-06 17:10:11.625582'),
(17, '캡스톤디자인종합프로젝트1', 'MAJOR_ELECTIVE', 3, 3, '2025-12-06 17:10:25.449538', '2025-12-06 17:10:25.449538'),
(18, 'SW융합세미나2', 'MAJOR_ELECTIVE', 1, 1, '2025-12-06 17:10:38.965687', '2025-12-06 17:10:38.965687'),
(19, 'Technopreneur Lab', 'MAJOR_ELECTIVE', 3, 3, '2025-12-06 17:10:42.959340', '2025-12-06 17:10:42.959340'),
(20, 'UI/UX설계및실습', 'MAJOR_ELECTIVE', 3, 3, '2025-12-06 17:10:46.645250', '2025-12-06 17:10:46.645250'),
(21, '머신러닝', 'MAJOR_ELECTIVE', 3, 3, '2025-12-06 17:10:51.152483', '2025-12-06 17:10:51.152483'),
(22, '소프트웨어특강2', 'MAJOR_ELECTIVE', 3, 3, '2025-12-06 17:10:54.837171', '2025-12-06 17:10:54.837171'),
(23, '캡스톤디자인종합프로젝트3', 'MAJOR_ELECTIVE', 3, 3, '2025-12-06 17:10:59.240384', '2025-12-06 17:10:59.240384');

-- ========================================
-- 3. CourseType Table
-- ========================================

INSERT INTO course_type (id, course_id, second_major, created_at, updated_at) VALUES
(1, 2, 'DOUBLE_MAJOR_ELECTIVE', '2025-12-06 17:07:53.389991', '2025-12-06 17:07:53.389991'),
(2, 3, 'DOUBLE_MAJOR_ELECTIVE', '2025-12-06 17:07:57.522853', '2025-12-06 17:07:57.522853'),
(3, 4, 'DOUBLE_MAJOR_ELECTIVE', '2025-12-06 17:08:01.988430', '2025-12-06 17:08:01.988430'),
(4, 5, 'DOUBLE_MAJOR_REQUIRED', '2025-12-06 17:08:06.398483', '2025-12-06 17:08:06.398483'),
(5, 6, 'DOUBLE_MAJOR_ELECTIVE', '2025-12-06 17:08:10.898059', '2025-12-06 17:08:10.898059'),
(6, 7, 'DOUBLE_MAJOR_ELECTIVE', '2025-12-06 17:08:15.506073', '2025-12-06 17:08:15.506073'),
(7, 8, 'DOUBLE_MAJOR_ELECTIVE', '2025-12-06 17:08:20.388587', '2025-12-06 17:08:20.388587'),
(8, 9, 'DOUBLE_MAJOR_ELECTIVE', '2025-12-06 17:08:25.028625', '2025-12-06 17:08:25.028625'),
(9, 10, 'DOUBLE_MAJOR_ELECTIVE', '2025-12-06 17:08:29.841447', '2025-12-06 17:08:29.841447'),
(10, 8, 'DOUBLE_MAJOR_ELECTIVE', '2025-12-06 17:08:33.937257', '2025-12-06 17:08:33.937257'),
(11, 8, 'DOUBLE_MAJOR_ELECTIVE', '2025-12-06 17:08:37.725725', '2025-12-06 17:08:37.725725'),
(12, 11, 'DOUBLE_MAJOR_ELECTIVE', '2025-12-06 17:08:41.413264', '2025-12-06 17:08:41.413264'),
(13, 11, 'DOUBLE_MAJOR_ELECTIVE', '2025-12-06 17:08:45.201295', '2025-12-06 17:08:45.201295'),
(14, 11, 'DOUBLE_MAJOR_ELECTIVE', '2025-12-06 17:08:48.068097', '2025-12-06 17:08:48.068097'),
(15, 10, 'DOUBLE_MAJOR_ELECTIVE', '2025-12-06 17:08:50.887613', '2025-12-06 17:08:50.887613'),
(16, 10, 'DOUBLE_MAJOR_ELECTIVE', '2025-12-06 17:08:54.202022', '2025-12-06 17:08:54.202022'),
(17, 10, 'DOUBLE_MAJOR_ELECTIVE', '2025-12-06 17:08:57.488836', '2025-12-06 17:08:57.488836'),
(18, 2, 'DOUBLE_MAJOR_ELECTIVE', '2025-12-06 17:09:00.765946', '2025-12-06 17:09:00.765946'),
(19, 2, 'DOUBLE_MAJOR_ELECTIVE', '2025-12-06 17:09:03.735518', '2025-12-06 17:09:03.735518'),
(20, 3, 'DOUBLE_MAJOR_ELECTIVE', '2025-12-06 17:09:06.608863', '2025-12-06 17:09:06.608863'),
(21, 3, 'DOUBLE_MAJOR_ELECTIVE', '2025-12-06 17:09:09.470975', '2025-12-06 17:09:09.470975'),
(22, 4, 'DOUBLE_MAJOR_ELECTIVE', '2025-12-06 17:09:12.233934', '2025-12-06 17:09:12.233934'),
(23, 4, 'DOUBLE_MAJOR_ELECTIVE', '2025-12-06 17:09:14.896337', '2025-12-06 17:09:14.896337'),
(24, 5, 'DOUBLE_MAJOR_REQUIRED', '2025-12-06 17:09:17.638909', '2025-12-06 17:09:17.638909'),
(25, 5, 'DOUBLE_MAJOR_REQUIRED', '2025-12-06 17:09:21.053616', '2025-12-06 17:09:21.053616'),
(26, 5, 'DOUBLE_MAJOR_REQUIRED', '2025-12-06 17:09:23.908125', '2025-12-06 17:09:23.908125'),
(27, 7, 'DOUBLE_MAJOR_ELECTIVE', '2025-12-06 17:09:27.491133', '2025-12-06 17:09:27.491133'),
(28, 7, 'DOUBLE_MAJOR_ELECTIVE', '2025-12-06 17:09:31.483859', '2025-12-06 17:09:31.483859'),
(29, 7, 'DOUBLE_MAJOR_ELECTIVE', '2025-12-06 17:09:34.716993', '2025-12-06 17:09:34.716993'),
(30, 12, 'DOUBLE_MAJOR_ELECTIVE', '2025-12-06 17:09:38.857088', '2025-12-06 17:09:38.857088'),
(31, 12, 'DOUBLE_MAJOR_ELECTIVE', '2025-12-06 17:09:42.442109', '2025-12-06 17:09:42.442109'),
(32, 13, 'DOUBLE_MAJOR_ELECTIVE', '2025-12-06 17:09:46.128506', '2025-12-06 17:09:46.128506'),
(33, 13, 'DOUBLE_MAJOR_ELECTIVE', '2025-12-06 17:09:49.711454', '2025-12-06 17:09:49.711454'),
(34, 13, 'DOUBLE_MAJOR_ELECTIVE', '2025-12-06 17:09:52.579400', '2025-12-06 17:09:52.579400'),
(35, 14, 'DOUBLE_MAJOR_ELECTIVE', '2025-12-06 17:09:56.995203', '2025-12-06 17:09:56.995203'),
(36, 15, 'DOUBLE_MAJOR_ELECTIVE', '2025-12-06 17:10:01.489031', '2025-12-06 17:10:01.489031'),
(37, 15, 'DOUBLE_MAJOR_ELECTIVE', '2025-12-06 17:10:05.077360', '2025-12-06 17:10:05.077360'),
(38, 15, 'DOUBLE_MAJOR_ELECTIVE', '2025-12-06 17:10:07.939877', '2025-12-06 17:10:07.939877'),
(39, 16, 'DOUBLE_MAJOR_REQUIRED', '2025-12-06 17:10:12.444242', '2025-12-06 17:10:12.444242'),
(40, 16, 'DOUBLE_MAJOR_REQUIRED', '2025-12-06 17:10:16.131527', '2025-12-06 17:10:16.131527'),
(41, 16, 'DOUBLE_MAJOR_REQUIRED', '2025-12-06 17:10:18.998068', '2025-12-06 17:10:18.998068'),
(42, 16, 'DOUBLE_MAJOR_REQUIRED', '2025-12-06 17:10:22.581773', '2025-12-06 17:10:22.581773'),
(43, 17, 'DOUBLE_MAJOR_ELECTIVE', '2025-12-06 17:10:26.269248', '2025-12-06 17:10:26.269248'),
(44, 17, 'DOUBLE_MAJOR_ELECTIVE', '2025-12-06 17:10:29.759370', '2025-12-06 17:10:29.759370'),
(45, 17, 'DOUBLE_MAJOR_ELECTIVE', '2025-12-06 17:10:32.412223', '2025-12-06 17:10:32.412223'),
(46, 17, 'DOUBLE_MAJOR_ELECTIVE', '2025-12-06 17:10:36.105451', '2025-12-06 17:10:36.105451'),
(47, 18, 'DOUBLE_MAJOR_ELECTIVE', '2025-12-06 17:10:39.784817', '2025-12-06 17:10:39.784817'),
(48, 19, 'DOUBLE_MAJOR_ELECTIVE', '2025-12-06 17:10:43.778570', '2025-12-06 17:10:43.778570'),
(49, 20, 'DOUBLE_MAJOR_ELECTIVE', '2025-12-06 17:10:47.465252', '2025-12-06 17:10:47.465252'),
(50, 21, 'DOUBLE_MAJOR_ELECTIVE', '2025-12-06 17:10:51.970215', '2025-12-06 17:10:51.970215'),
(51, 22, 'DOUBLE_MAJOR_ELECTIVE', '2025-12-06 17:10:55.657431', '2025-12-06 17:10:55.657431'),
(52, 23, 'DOUBLE_MAJOR_ELECTIVE', '2025-12-06 17:11:00.059764', '2025-12-06 17:11:00.059764');

-- ========================================
-- 4. Teach Table
-- ========================================

INSERT INTO teach (id, course_id, professor_id, year, semester, number, class_name, target_grade, type, max_count, enrolled_count, remain_count, created_at, updated_at) VALUES
(1, 1, 1, 2025, 'SECOND', 5006762801, '', NULL, 'KOREAN', 26, 0, 26, '2025-12-06 17:07:47.144297', '2025-12-06 17:07:47.144297'),
(2, 1, 2, 2025, 'SECOND', 5006762802, '', NULL, 'KOREAN', 26, 0, 26, '2025-12-06 17:07:50.418349', '2025-12-06 17:07:50.418349'),
(3, 2, 3, 2025, 'SECOND', 2150691003, '', NULL, 'KOREAN', 50, 0, 50, '2025-12-06 17:07:54.980513', '2025-12-06 17:07:54.980513'),
(4, 3, 4, 2025, 'SECOND', 2150690803, '', NULL, 'KOREAN', 50, 0, 50, '2025-12-06 17:07:59.428695', '2025-12-06 17:07:59.428695'),
(5, 4, 5, 2025, 'SECOND', 2150679503, '', NULL, 'KOREAN', 50, 0, 50, '2025-12-06 17:08:03.783800', '2025-12-06 17:08:03.783800'),
(6, 5, 6, 2025, 'SECOND', 2150690704, '', NULL, 'KOREAN', 50, 0, 50, '2025-12-06 17:08:08.235377', '2025-12-06 17:08:08.235377'),
(7, 6, 7, 2025, 'SECOND', 2150061301, '', NULL, 'KOREAN', 50, 0, 50, '2025-12-06 17:08:12.740763', '2025-12-06 17:08:12.740763'),
(8, 7, 8, 2025, 'SECOND', 2150690904, '', NULL, 'KOREAN', 40, 0, 40, '2025-12-06 17:08:17.406551', '2025-12-06 17:08:17.406551'),
(9, 8, 9, 2025, 'SECOND', 2150679403, '', NULL, 'KOREAN', 50, 0, 50, '2025-12-06 17:08:22.366468', '2025-12-06 17:08:22.366468'),
(10, 9, 10, 2025, 'SECOND', 2150674201, '', NULL, 'KOREAN', 30, 0, 30, '2025-12-06 17:08:26.870671', '2025-12-06 17:08:26.870671'),
(11, 10, 11, 2025, 'SECOND', 2150679204, '', NULL, 'KOREAN', 30, 0, 30, '2025-12-06 17:08:31.684079', '2025-12-06 17:08:31.684079'),
(12, 8, 12, 2025, 'SECOND', 2150679401, '가', 1, 'KOREAN', 50, 0, 50, '2025-12-06 17:08:35.882338', '2025-12-06 17:08:35.882338'),
(13, 8, 12, 2025, 'SECOND', 2150679402, '나', 1, 'KOREAN', 50, 0, 50, '2025-12-06 17:08:38.750006', '2025-12-06 17:08:38.750006'),
(14, 11, 13, 2025, 'SECOND', 2150679301, '가', 1, 'ENGAGED_LEARNING', 40, 0, 40, '2025-12-06 17:08:43.311468', '2025-12-06 17:08:43.311468'),
(15, 11, 13, 2025, 'SECOND', 2150679302, '나', 1, 'ENGAGED_LEARNING', 40, 0, 40, '2025-12-06 17:08:46.225579', '2025-12-06 17:08:46.225579'),
(16, 11, 13, 2025, 'SECOND', 2150679303, '다', 1, 'ENGAGED_LEARNING', 20, 0, 20, '2025-12-06 17:08:49.092682', '2025-12-06 17:08:49.092682'),
(17, 10, 7, 2025, 'SECOND', 2150679201, '가', 1, 'KOREAN', 30, 0, 30, '2025-12-06 17:08:51.960410', '2025-12-06 17:08:51.960410'),
(18, 10, 7, 2025, 'SECOND', 2150679202, '나', 1, 'KOREAN', 30, 0, 30, '2025-12-06 17:08:55.236121', '2025-12-06 17:08:55.236121'),
(19, 10, 7, 2025, 'SECOND', 2150679203, '다', 1, 'KOREAN', 30, 0, 30, '2025-12-06 17:08:58.512828', '2025-12-06 17:08:58.512828'),
(20, 2, 3, 2025, 'SECOND', 2150691001, '가', 2, 'KOREAN', 50, 0, 50, '2025-12-06 17:09:01.789255', '2025-12-06 17:09:01.789255'),
(21, 2, 3, 2025, 'SECOND', 2150691002, '나', 2, 'KOREAN', 50, 0, 50, '2025-12-06 17:09:04.760151', '2025-12-06 17:09:04.760151'),
(22, 3, 4, 2025, 'SECOND', 2150690801, '가', 2, 'MIXED', 50, 0, 50, '2025-12-06 17:09:07.626199', '2025-12-06 17:09:07.626199'),
(23, 3, 4, 2025, 'SECOND', 2150690802, '나', 2, 'MIXED', 50, 0, 50, '2025-12-06 17:09:10.391194', '2025-12-06 17:09:10.391194'),
(24, 4, 5, 2025, 'SECOND', 2150679501, '가', 2, 'KOREAN', 50, 0, 50, '2025-12-06 17:09:13.082403', '2025-12-06 17:09:13.082403'),
(25, 4, 5, 2025, 'SECOND', 2150679502, '나', 2, 'KOREAN', 50, 0, 50, '2025-12-06 17:09:15.920547', '2025-12-06 17:09:15.920547'),
(26, 5, 14, 2025, 'SECOND', 2150690701, '가', 2, 'KOREAN', 50, 0, 50, '2025-12-06 17:09:19.353560', '2025-12-06 17:09:19.353560'),
(27, 5, 14, 2025, 'SECOND', 2150690702, '나', 2, 'KOREAN', 50, 0, 50, '2025-12-06 17:09:22.018416', '2025-12-06 17:09:22.018416'),
(28, 5, 15, 2025, 'SECOND', 2150690703, '다', 2, 'KOREAN', 50, 0, 50, '2025-12-06 17:09:25.648961', '2025-12-06 17:09:25.648961'),
(29, 7, 16, 2025, 'SECOND', 2150690901, '가', 2, 'KOREAN', 50, 0, 50, '2025-12-06 17:09:29.335036', '2025-12-06 17:09:29.335036'),
(30, 7, 16, 2025, 'SECOND', 2150690902, '나', 2, 'KOREAN', 50, 0, 50, '2025-12-06 17:09:32.508989', '2025-12-06 17:09:32.508989'),
(31, 7, 8, 2025, 'SECOND', 2150690903, '다', 2, 'KOREAN', 40, 0, 40, '2025-12-06 17:09:35.785059', '2025-12-06 17:09:35.785059'),
(32, 12, 17, 2025, 'SECOND', 2150028001, '가', 3, 'KOREAN', 40, 0, 40, '2025-12-06 17:09:40.598678', '2025-12-06 17:09:40.598678'),
(33, 12, 17, 2025, 'SECOND', 2150028002, '나', 3, 'KOREAN', 40, 0, 40, '2025-12-06 17:09:43.465658', '2025-12-06 17:09:43.465658'),
(34, 13, 18, 2025, 'SECOND', 2150028101, '가', 3, 'KOREAN', 50, 0, 50, '2025-12-06 17:09:47.868926', '2025-12-06 17:09:47.868926'),
(35, 13, 18, 2025, 'SECOND', 2150028102, '나', 3, 'KOREAN', 50, 0, 50, '2025-12-06 17:09:50.735681', '2025-12-06 17:09:50.735681'),
(36, 13, 19, 2025, 'SECOND', 2150028103, '다', 3, 'ENGAGED_LEARNING', 48, 0, 48, '2025-12-06 17:09:54.271223', '2025-12-06 17:09:54.271223'),
(37, 14, 20, 2025, 'SECOND', 2150027901, '', 3, 'ENGAGED_LEARNING', 60, 0, 60, '2025-12-06 17:09:58.777245', '2025-12-06 17:09:58.777245'),
(38, 15, 21, 2025, 'SECOND', 2150027801, '가', 3, 'KOREAN', 50, 0, 50, '2025-12-06 17:10:03.331659', '2025-12-06 17:10:03.331659'),
(39, 15, 21, 2025, 'SECOND', 2150027802, '나', 3, 'KOREAN', 52, 0, 52, '2025-12-06 17:10:06.095868', '2025-12-06 17:10:06.095868'),
(40, 15, 22, 2025, 'SECOND', 2150027803, '다', 3, 'ENGLISH', 50, 0, 50, '2025-12-06 17:10:09.736551', '2025-12-06 17:10:09.736551'),
(41, 16, 23, 2025, 'SECOND', 2150034401, '가', 3, 'KOREAN', 50, 0, 50, '2025-12-06 17:10:14.287787', '2025-12-06 17:10:14.287787'),
(42, 16, 22, 2025, 'SECOND', 2150034402, '나', 3, 'KOREAN', 46, 0, 46, '2025-12-06 17:10:17.154892', '2025-12-06 17:10:17.154892'),
(43, 16, 24, 2025, 'SECOND', 2150034403, '다', 3, 'KOREAN', 46, 0, 46, '2025-12-06 17:10:20.841622', '2025-12-06 17:10:20.841622'),
(44, 16, 24, 2025, 'SECOND', 2150034404, '라', 3, 'KOREAN', 49, 0, 49, '2025-12-06 17:10:23.614673', '2025-12-06 17:10:23.614673'),
(45, 17, 25, 2025, 'SECOND', 2150028301, '가', 3, 'ENGAGED_LEARNING', 26, 0, 26, '2025-12-06 17:10:28.110668', '2025-12-06 17:10:28.110668'),
(46, 17, 25, 2025, 'SECOND', 2150028302, '나', 3, 'ENGAGED_LEARNING', 25, 0, 25, '2025-12-06 17:10:30.671589', '2025-12-06 17:10:30.671589'),
(47, 17, 26, 2025, 'SECOND', 2150028303, '다', 3, 'ENGLISH', 25, 0, 25, '2025-12-06 17:10:34.254367', '2025-12-06 17:10:34.254367'),
(48, 17, 13, 2025, 'SECOND', 2150028304, '라', 3, 'ENGAGED_LEARNING', 16, 0, 16, '2025-12-06 17:10:37.122873', '2025-12-06 17:10:37.122873'),
(49, 18, 27, 2025, 'SECOND', 2150029801, '', 4, 'KOREAN', 40, 0, 40, '2025-12-06 17:10:41.535428', '2025-12-06 17:10:41.535428'),
(50, 19, 27, 2025, 'SECOND', 2150029401, '', 4, 'KOREAN', 40, 0, 40, '2025-12-06 17:10:44.801827', '2025-12-06 17:10:44.801827'),
(51, 20, 28, 2025, 'SECOND', 2150029501, '', 4, 'KOREAN', 40, 0, 40, '2025-12-06 17:10:49.308595', '2025-12-06 17:10:49.308595'),
(52, 21, 20, 2025, 'SECOND', 2150053201, '', 4, 'ENGAGED_LEARNING', 50, 0, 50, '2025-12-06 17:10:52.995395', '2025-12-06 17:10:52.995395'),
(53, 22, 29, 2025, 'SECOND', 2150029701, '', 4, 'KOREAN', 41, 0, 41, '2025-12-06 17:10:57.397827', '2025-12-06 17:10:57.397827'),
(54, 23, 25, 2025, 'SECOND', 2150053301, '', 4, 'ENGAGED_LEARNING', 25, 0, 25, '2025-12-06 17:11:01.185945', '2025-12-06 17:11:01.185945');

-- ========================================
-- 5. TeachInfo Table
-- ========================================

INSERT INTO teach_info (id, teach_id, day_of_the_week, start_time, end_time, classroom, created_at, updated_at) VALUES
(1, 1, 'TUESDAY', '11:00:00', '11:50:00', '숭덕경상관 02317', '2025-12-06 17:07:47.962659', '2025-12-06 17:07:47.962659'),
(2, 1, 'TUESDAY', '12:00:00', '12:50:00', '숭덕경상관 02317', '2025-12-06 17:07:48.166098', '2025-12-06 17:07:48.166098'),
(3, 1, 'TUESDAY', '13:00:00', '13:50:00', '조만식기념관 12123', '2025-12-06 17:07:48.370221', '2025-12-06 17:07:48.370221'),
(4, 1, 'TUESDAY', '14:00:00', '14:50:00', '조만식기념관 12123', '2025-12-06 17:07:48.575207', '2025-12-06 17:07:48.575207'),
(5, 2, 'TUESDAY', '11:00:00', '11:50:00', '숭덕경상관 02317', '2025-12-06 17:07:51.236510', '2025-12-06 17:07:51.236510'),
(6, 2, 'TUESDAY', '12:00:00', '12:50:00', '숭덕경상관 02317', '2025-12-06 17:07:51.441355', '2025-12-06 17:07:51.441355'),
(7, 2, 'TUESDAY', '13:00:00', '13:50:00', '조만식기념관 12124', '2025-12-06 17:07:51.646969', '2025-12-06 17:07:51.646969'),
(8, 2, 'TUESDAY', '14:00:00', '14:50:00', '조만식기념관 12124', '2025-12-06 17:07:51.858704', '2025-12-06 17:07:51.858704'),
(9, 3, 'THURSDAY', '18:00:00', '19:15:00', '정보과학관 21205 (실습실)', '2025-12-06 17:07:55.696498', '2025-12-06 17:07:55.696498'),
(10, 3, 'FRIDAY', '18:00:00', '19:15:00', '정보과학관 21205 (실습실)', '2025-12-06 17:07:55.948261', '2025-12-06 17:07:55.948261'),
(11, 4, 'TUESDAY', '16:30:00', '17:45:00', '정보과학관 21304', '2025-12-06 17:08:00.200894', '2025-12-06 17:08:00.200894'),
(12, 4, 'THURSDAY', '16:30:00', '17:45:00', '정보과학관 21304', '2025-12-06 17:08:00.377610', '2025-12-06 17:08:00.377610'),
(13, 5, 'MONDAY', '18:00:00', '19:15:00', '정보과학관 21501', '2025-12-06 17:08:04.548966', '2025-12-06 17:08:04.548966'),
(14, 5, 'FRIDAY', '12:00:00', '13:15:00', '정보과학관 21204 (김선행강의실)', '2025-12-06 17:08:04.755520', '2025-12-06 17:08:04.755520'),
(15, 6, 'FRIDAY', '09:00:00', '10:15:00', '정보과학관 21303', '2025-12-06 17:08:09.157224', '2025-12-06 17:08:09.157224'),
(16, 6, 'FRIDAY', '10:30:00', '11:45:00', '정보과학관 21303', '2025-12-06 17:08:09.361932', '2025-12-06 17:08:09.361932'),
(17, 7, 'WEDNESDAY', '18:00:00', '19:15:00', '정보과학관 21101 (실습실)', '2025-12-06 17:08:13.663557', '2025-12-06 17:08:13.663557'),
(18, 7, 'WEDNESDAY', '19:30:00', '20:45:00', '정보과학관 21101 (실습실)', '2025-12-06 17:08:13.867180', '2025-12-06 17:08:13.867180'),
(19, 8, 'THURSDAY', '09:00:00', '09:50:00', '정보과학관 21205 (실습실)', '2025-12-06 17:08:18.167747', '2025-12-06 17:08:18.167747'),
(20, 8, 'THURSDAY', '10:00:00', '10:50:00', '정보과학관 21205 (실습실)', '2025-12-06 17:08:18.373867', '2025-12-06 17:08:18.373867'),
(21, 8, 'THURSDAY', '11:00:00', '11:50:00', '정보과학관 21205 (실습실)', '2025-12-06 17:08:18.578104', '2025-12-06 17:08:18.578104'),
(22, 8, 'THURSDAY', '12:00:00', '12:50:00', '정보과학관 21205 (실습실)', '2025-12-06 17:08:18.783725', '2025-12-06 17:08:18.783725'),
(23, 9, 'FRIDAY', '13:30:00', '14:45:00', '정보과학관 21201', '2025-12-06 17:08:23.112314', '2025-12-06 17:08:23.112314'),
(24, 9, 'FRIDAY', '15:00:00', '16:15:00', '정보과학관 21201', '2025-12-06 17:08:23.275762', '2025-12-06 17:08:23.275762'),
(25, 10, 'TUESDAY', '14:00:00', '14:50:00', '정보과학관 21205 (실습실)', '2025-12-06 17:08:27.593799', '2025-12-06 17:08:27.593799'),
(26, 10, 'TUESDAY', '15:00:00', '15:50:00', '정보과학관 21205 (실습실)', '2025-12-06 17:08:27.795100', '2025-12-06 17:08:27.795100'),
(27, 10, 'WEDNESDAY', '17:00:00', '17:50:00', '정보과학관 21205 (실습실)', '2025-12-06 17:08:27.998861', '2025-12-06 17:08:27.998861'),
(28, 10, 'WEDNESDAY', '18:00:00', '18:50:00', '정보과학관 21205 (실습실)', '2025-12-06 17:08:28.205848', '2025-12-06 17:08:28.205848'),
(29, 11, 'TUESDAY', '13:30:00', '14:20:00', '미래관 20503', '2025-12-06 17:08:32.504392', '2025-12-06 17:08:32.504392'),
(30, 11, 'TUESDAY', '14:30:00', '15:20:00', '미래관 20503', '2025-12-06 17:08:32.711667', '2025-12-06 17:08:32.711667'),
(31, 11, 'THURSDAY', '13:00:00', '13:50:00', '정보과학관 21205 (실습실)', '2025-12-06 17:08:32.913602', '2025-12-06 17:08:32.913602'),
(32, 11, 'THURSDAY', '14:00:00', '14:50:00', '정보과학관 21205 (실습실)', '2025-12-06 17:08:33.118865', '2025-12-06 17:08:33.118865'),
(33, 12, 'TUESDAY', '12:00:00', '13:15:00', '정보과학관 21303', '2025-12-06 17:08:36.702832', '2025-12-06 17:08:36.702832'),
(34, 12, 'TUESDAY', '13:30:00', '14:45:00', '정보과학관 21303', '2025-12-06 17:08:36.908175', '2025-12-06 17:08:36.908175'),
(35, 13, 'THURSDAY', '15:00:00', '16:15:00', '정보과학관 21501', '2025-12-06 17:08:39.569437', '2025-12-06 17:08:39.569437'),
(36, 13, 'THURSDAY', '16:30:00', '17:45:00', '정보과학관 21501', '2025-12-06 17:08:39.729394', '2025-12-06 17:08:39.729394'),
(37, 14, 'TUESDAY', '15:00:00', '16:15:00', '정보과학관 21305 (이철희실습실)', '2025-12-06 17:08:44.176817', '2025-12-06 17:08:44.176817'),
(38, 14, 'WEDNESDAY', '15:00:00', '16:15:00', '정보과학관 21305 (이철희실습실)', '2025-12-06 17:08:44.382902', '2025-12-06 17:08:44.382902'),
(39, 15, 'TUESDAY', '16:30:00', '17:45:00', '정보과학관 21305 (이철희실습실)', '2025-12-06 17:08:47.044991', '2025-12-06 17:08:47.044991'),
(40, 15, 'WEDNESDAY', '16:30:00', '17:45:00', '정보과학관 21305 (이철희실습실)', '2025-12-06 17:08:47.248875', '2025-12-06 17:08:47.248875'),
(41, 16, 'TUESDAY', '18:00:00', '19:15:00', '정보과학관 21305 (이철희실습실)', '2025-12-06 17:08:49.912624', '2025-12-06 17:08:49.912624'),
(42, 16, 'WEDNESDAY', '18:00:00', '19:15:00', '정보과학관 21305 (이철희실습실)', '2025-12-06 17:08:50.117199', '2025-12-06 17:08:50.117199'),
(43, 17, 'TUESDAY', '09:00:00', '09:50:00', '정보과학관 21305 (이철희실습실)', '2025-12-06 17:08:52.779599', '2025-12-06 17:08:52.779599'),
(44, 17, 'TUESDAY', '10:00:00', '10:50:00', '정보과학관 21305 (이철희실습실)', '2025-12-06 17:08:52.984034', '2025-12-06 17:08:52.984034'),
(45, 17, 'THURSDAY', '15:00:00', '15:50:00', '정보과학관 21305 (이철희실습실)', '2025-12-06 17:08:53.188992', '2025-12-06 17:08:53.188992'),
(46, 17, 'THURSDAY', '16:00:00', '16:50:00', '정보과학관 21305 (이철희실습실)', '2025-12-06 17:08:53.392858', '2025-12-06 17:08:53.392858'),
(47, 18, 'TUESDAY', '13:00:00', '13:50:00', '정보과학관 21305 (이철희실습실', '2025-12-06 17:08:56.055805', '2025-12-06 17:08:56.055805'),
(48, 18, 'TUESDAY', '14:00:00', '14:50:00', '정보과학관 21305 (이철희실습실)', '2025-12-06 17:08:56.261562', '2025-12-06 17:08:56.261562'),
(49, 18, 'THURSDAY', '09:00:00', '09:50:00', '정보과학관 21305 (이철희실습실)', '2025-12-06 17:08:56.465417', '2025-12-06 17:08:56.465417'),
(50, 18, 'THURSDAY', '10:00:00', '10:50:00', '정보과학관 21305 (이철희실습실)', '2025-12-06 17:08:56.669943', '2025-12-06 17:08:56.669943'),
(51, 19, 'MONDAY', '15:00:00', '15:50:00', '정보과학관 21205 (실습실)', '2025-12-06 17:08:59.285416', '2025-12-06 17:08:59.285416'),
(52, 19, 'MONDAY', '16:00:00', '16:50:00', '정보과학관 21205 (실습실)', '2025-12-06 17:08:59.532194', '2025-12-06 17:08:59.532194'),
(53, 19, 'TUESDAY', '18:00:00', '18:50:00', '정보과학관 21205 (실습실)', '2025-12-06 17:08:59.742483', '2025-12-06 17:08:59.742483'),
(54, 19, 'TUESDAY', '19:00:00', '19:50:00', '정보과학관 21205 (실습실)', '2025-12-06 17:08:59.946856', '2025-12-06 17:08:59.946856'),
(55, 20, 'FRIDAY', '15:00:00', '16:15:00', '정보과학관 21205 (실습실)', '2025-12-06 17:09:02.711960', '2025-12-06 17:09:02.711960'),
(56, 20, 'FRIDAY', '16:30:00', '17:45:00', '정보과학관 21205 (실습실)', '2025-12-06 17:09:02.916856', '2025-12-06 17:09:02.916856'),
(57, 21, 'THURSDAY', '15:00:00', '16:15:00', '정보과학관 21205 (실습실)', '2025-12-06 17:09:05.681072', '2025-12-06 17:09:05.681072'),
(58, 21, 'THURSDAY', '16:30:00', '17:45:00', '정보과학관 21205 (실습실)', '2025-12-06 17:09:05.886606', '2025-12-06 17:09:05.886606'),
(59, 22, 'MONDAY', '13:30:00', '14:45:00', '정보과학관 21203 (김재상강의실)', '2025-12-06 17:09:08.445722', '2025-12-06 17:09:08.445722'),
(60, 22, 'WEDNESDAY', '13:30:00', '14:45:00', '정보과학관 21304', '2025-12-06 17:09:08.607640', '2025-12-06 17:09:08.607640'),
(61, 23, 'MONDAY', '15:00:00', '16:15:00', '정보과학관 21304', '2025-12-06 17:09:11.210853', '2025-12-06 17:09:11.210853'),
(62, 23, 'WEDNESDAY', '15:00:00', '16:15:00', '정보과학관 21304', '2025-12-06 17:09:11.416380', '2025-12-06 17:09:11.416380'),
(63, 24, 'MONDAY', '15:00:00', '16:15:00', '정보과학관 21501', '2025-12-06 17:09:13.873206', '2025-12-06 17:09:13.873206'),
(64, 24, 'FRIDAY', '13:30:00', '14:45:00', '정보과학관 21304', '2025-12-06 17:09:14.078247', '2025-12-06 17:09:14.078247'),
(65, 25, 'MONDAY', '16:30:00', '17:45:00', '정보과학관 2150', '2025-12-06 17:09:16.740235', '2025-12-06 17:09:16.740235'),
(66, 25, 'FRIDAY', '10:30:00', '11:45:00', '정보과학관 21204 (김선행강의실)', '2025-12-06 17:09:16.944588', '2025-12-06 17:09:16.944588'),
(67, 26, 'MONDAY', '10:30:00', '11:45:00', '미래관 20402', '2025-12-06 17:09:20.120569', '2025-12-06 17:09:20.120569'),
(68, 26, 'THURSDAY', '15:00:00', '16:15:00', '정보과학관 21202 (이준호강의실)', '2025-12-06 17:09:20.324938', '2025-12-06 17:09:20.324938'),
(69, 27, 'MONDAY', '15:00:00', '16:15:00', '미래관 20402', '2025-12-06 17:09:22.869844', '2025-12-06 17:09:22.869844'),
(70, 27, 'THURSDAY', '12:00:00', '13:15:00', '정보과학관 21303', '2025-12-06 17:09:23.028731', '2025-12-06 17:09:23.028731'),
(71, 28, 'WEDNESDAY', '12:00:00', '13:15:00', '정보과학관 21304', '2025-12-06 17:09:26.466583', '2025-12-06 17:09:26.466583'),
(72, 28, 'FRIDAY', '12:00:00', '13:15:00', '정보과학관 21304', '2025-12-06 17:09:26.674652', '2025-12-06 17:09:26.674652'),
(73, 29, 'FRIDAY', '10:00:00', '10:50:00', '정보과학관 21305 (이철희실습실)', '2025-12-06 17:09:30.050960', '2025-12-06 17:09:30.050960'),
(74, 29, 'FRIDAY', '11:00:00', '11:50:00', '정보과학관 21305 (이철희실습실)', '2025-12-06 17:09:30.257063', '2025-12-06 17:09:30.257063'),
(75, 29, 'FRIDAY', '12:00:00', '12:50:00', '정보과학관 21305 (이철희실습실)', '2025-12-06 17:09:30.462365', '2025-12-06 17:09:30.462365'),
(76, 29, 'FRIDAY', '13:00:00', '13:50:00', '정보과학관 21305 (이철희실습실)', '2025-12-06 17:09:30.666301', '2025-12-06 17:09:30.666301'),
(77, 30, 'FRIDAY', '14:00:00', '14:50:00', '정보과학관 21305 (이철희실습실)', '2025-12-06 17:09:33.327753', '2025-12-06 17:09:33.327753'),
(78, 30, 'FRIDAY', '15:00:00', '15:50:00', '정보과학관 21305 (이철희실습실)', '2025-12-06 17:09:33.533495', '2025-12-06 17:09:33.533495'),
(79, 30, 'FRIDAY', '16:00:00', '16:50:00', '정보과학관 21305 (이철희실습실)', '2025-12-06 17:09:33.738375', '2025-12-06 17:09:33.738375'),
(80, 30, 'FRIDAY', '17:00:00', '17:50:00', '정보과학관 21305 (이철희실습실)', '2025-12-06 17:09:33.898792', '2025-12-06 17:09:33.898792'),
(81, 31, 'MONDAY', '12:30:00', '13:20:00', '정보과학관 21305 (이철희실습실)', '2025-12-06 17:09:36.605099', '2025-12-06 17:09:36.605099'),
(82, 31, 'MONDAY', '13:30:00', '14:20:00', '정보과학관 21305 (이철희실습실)', '2025-12-06 17:09:36.813932', '2025-12-06 17:09:36.813932'),
(83, 31, 'TUESDAY', '11:00:00', '11:50:00', '정보과학관 21305 (이철희실습실)', '2025-12-06 17:09:37.015134', '2025-12-06 17:09:37.015134'),
(84, 31, 'TUESDAY', '12:00:00', '12:50:00', '정보과학관 21305 (이철희실습실)', '2025-12-06 17:09:37.175027', '2025-12-06 17:09:37.175027'),
(85, 32, 'WEDNESDAY', '09:00:00', '10:15:00', '정보과학관 21303', '2025-12-06 17:09:41.417224', '2025-12-06 17:09:41.417224'),
(86, 32, 'THURSDAY', '10:30:00', '11:45:00', '정보과학관 21303', '2025-12-06 17:09:41.623345', '2025-12-06 17:09:41.623345'),
(87, 33, 'WEDNESDAY', '10:30:00', '11:45:00', '정보과학관 21303', '2025-12-06 17:09:44.284171', '2025-12-06 17:09:44.284171'),
(88, 33, 'THURSDAY', '09:00:00', '10:15:00', '정보과학관 21303', '2025-12-06 17:09:44.489903', '2025-12-06 17:09:44.489903'),
(89, 34, 'TUESDAY', '15:00:00', '16:15:00', '정보과학관 21303', '2025-12-06 17:09:48.654902', '2025-12-06 17:09:48.654902'),
(90, 34, 'FRIDAY', '12:00:00', '13:15:00', '정보과학관 21303', '2025-12-06 17:09:48.893558', '2025-12-06 17:09:48.893558'),
(91, 35, 'TUESDAY', '16:30:00', '17:45:00', '정보과학관 21303', '2025-12-06 17:09:51.555373', '2025-12-06 17:09:51.555373'),
(92, 35, 'FRIDAY', '13:30:00', '14:45:00', '정보과학관 21303', '2025-12-06 17:09:51.760092', '2025-12-06 17:09:51.760092'),
(93, 36, 'TUESDAY', '13:30:00', '14:45:00', '정보과학관 21203 (김재상강의실)', '2025-12-06 17:09:55.140113', '2025-12-06 17:09:55.140113'),
(94, 36, 'WEDNESDAY', '13:30:00', '14:45:00', '정보과학관 21203 (김재상강의실)', '2025-12-06 17:09:55.357503', '2025-12-06 17:09:55.357503'),
(95, 37, 'TUESDAY', '09:00:00', '10:15:00', '정보과학관 21304', '2025-12-06 17:09:59.645081', '2025-12-06 17:09:59.645081'),
(96, 37, 'WEDNESDAY', '09:00:00', '10:15:00', '정보과학관 21304', '2025-12-06 17:09:59.851174', '2025-12-06 17:09:59.851174'),
(97, 38, 'MONDAY', '12:00:00', '13:15:00', '정보과학관 21601', '2025-12-06 17:10:04.102672', '2025-12-06 17:10:04.102672'),
(98, 38, 'WEDNESDAY', '12:00:00', '13:15:00', '정보과학관 21303', '2025-12-06 17:10:04.355785', '2025-12-06 17:10:04.355785'),
(99, 39, 'MONDAY', '15:00:00', '16:15:00', '정보과학관 21303', '2025-12-06 17:10:06.914741', '2025-12-06 17:10:06.914741'),
(100, 39, 'WEDNESDAY', '15:00:00', '16:15:00', '정보과학관 21303', '2025-12-06 17:10:07.120352', '2025-12-06 17:10:07.120352'),
(101, 40, 'MONDAY', '16:30:00', '17:45:00', '정보과학관 21304', '2025-12-06 17:10:10.601096', '2025-12-06 17:10:10.601096'),
(102, 40, 'TUESDAY', '10:30:00', '11:45:00', '정보과학관 21304', '2025-12-06 17:10:10.808780', '2025-12-06 17:10:10.808780'),
(103, 41, 'MONDAY', '09:00:00', '10:15:00', '정보과학관 21303', '2025-12-06 17:10:15.106586', '2025-12-06 17:10:15.106586'),
(104, 41, 'MONDAY', '10:30:00', '11:45:00', '정보과학관 21303', '2025-12-06 17:10:15.312144', '2025-12-06 17:10:15.312144'),
(105, 42, 'MONDAY', '12:00:00', '13:15:00', '미래관 20402', '2025-12-06 17:10:17.974246', '2025-12-06 17:10:17.974246'),
(106, 42, 'MONDAY', '13:30:00', '14:45:00', '미래관 20402', '2025-12-06 17:10:18.183883', '2025-12-06 17:10:18.183883'),
(107, 43, 'MONDAY', '09:00:00', '10:15:00', '정보과학관 21304', '2025-12-06 17:10:21.662350', '2025-12-06 17:10:21.662350'),
(108, 43, 'MONDAY', '10:30:00', '11:45:00', '정보과학관 21304', '2025-12-06 17:10:21.865459', '2025-12-06 17:10:21.865459'),
(109, 44, 'MONDAY', '12:00:00', '13:15:00', '정보과학관 21304', '2025-12-06 17:10:24.425341', '2025-12-06 17:10:24.425341'),
(110, 44, 'MONDAY', '13:30:00', '14:45:00', '정보과학관 21304', '2025-12-06 17:10:24.630293', '2025-12-06 17:10:24.630293'),
(111, 45, 'TUESDAY', '18:00:00', '19:15:00', '정보과학관 21303', '2025-12-06 17:10:28.829144', '2025-12-06 17:10:28.829144'),
(112, 45, 'THURSDAY', '18:00:00', '19:15:00', '정보과학관 21303', '2025-12-06 17:10:28.991785', '2025-12-06 17:10:28.991785'),
(113, 46, 'TUESDAY', '19:30:00', '20:45:00', '정보과학관 21303', '2025-12-06 17:10:31.444051', '2025-12-06 17:10:31.444051'),
(114, 46, 'THURSDAY', '19:30:00', '20:45:00', '정보과학관 21303', '2025-12-06 17:10:31.604419', '2025-12-06 17:10:31.604419'),
(115, 47, 'WEDNESDAY', '15:00:00', '16:15:00', '정보과학관 21403', '2025-12-06 17:10:35.074205', '2025-12-06 17:10:35.074205'),
(116, 47, 'WEDNESDAY', '16:30:00', '17:45:00', '정보과학관 21403', '2025-12-06 17:10:35.280756', '2025-12-06 17:10:35.280756'),
(117, 48, 'MONDAY', '18:00:00', '19:15:00', '정보과학관 21303', '2025-12-06 17:10:37.941082', '2025-12-06 17:10:37.941082'),
(118, 48, 'WEDNESDAY', '13:30:00', '14:45:00', '정보과학관 21303', '2025-12-06 17:10:38.146913', '2025-12-06 17:10:38.146913'),
(119, 49, 'MONDAY', '16:30:00', '17:20:00', '정보과학관 21403', '2025-12-06 17:10:42.250648', '2025-12-06 17:10:42.250648'),
(120, 50, 'MONDAY', '13:30:00', '14:45:00', '정보과학관 21403', '2025-12-06 17:10:45.621623', '2025-12-06 17:10:45.621623'),
(121, 50, 'MONDAY', '15:00:00', '16:15:00', '정보과학관 21403', '2025-12-06 17:10:45.826736', '2025-12-06 17:10:45.826736'),
(122, 51, 'THURSDAY', '09:00:00', '10:15:00', '정보과학관 21101 (실습실)', '2025-12-06 17:10:50.127424', '2025-12-06 17:10:50.127424'),
(123, 51, 'THURSDAY', '10:30:00', '11:45:00', '정보과학관 21101 (실습실)', '2025-12-06 17:10:50.334825', '2025-12-06 17:10:50.334825'),
(124, 52, 'TUESDAY', '10:30:00', '11:45:00', '정보과학관 21303', '2025-12-06 17:10:53.814350', '2025-12-06 17:10:53.814350'),
(125, 52, 'WEDNESDAY', '10:30:00', '11:45:00', '정보과학관 21304', '2025-12-06 17:10:54.005984', '2025-12-06 17:10:54.005984'),
(126, 53, 'TUESDAY', '09:00:00', '10:15:00', '정보과학관 21204 (김선행강의실)', '2025-12-06 17:10:58.217008', '2025-12-06 17:10:58.217008'),
(127, 53, 'TUESDAY', '10:30:00', '11:45:00', '정보과학관 21204 (김선행강의실)', '2025-12-06 17:10:58.422031', '2025-12-06 17:10:58.422031'),
(128, 54, 'TUESDAY', '21:00:00', '22:15:00', '정보과학관 21303', '2025-12-06 17:11:01.957701', '2025-12-06 17:11:01.957701'),
(129, 54, 'THURSDAY', '21:00:00', '22:15:00', '정보과학관 21303', '2025-12-06 17:11:02.120423', '2025-12-06 17:11:02.120423');

-- Re-enable foreign key checks
SET FOREIGN_KEY_CHECKS = 1;

-- ========================================
-- Summary
-- ========================================
-- Professor: 29 records
-- Course: 23 records
-- CourseType: 52 records
-- Teach: 54 records
-- TeachInfo: 129 records
-- Total: 287 records
